model,prompt,response,ttft,total_latency,tps,tokens
tinyllama,explain photosynthesis,"Photosynthesis is a process that allows plants and some other organisms, such as algae and cyanobacteria, to convert light energy into chemical energy through the process of photosynthesis. In simple terms, photosynthesis involves the conversion of sunlight into food (glucose) by a series of reactions between plants, bacteria, fungi, and other organisms called photosystems.

Photosynthesis begins with the light that falls on",4.390467882156372,11.587405920028687,14.033745944248729,101
tinyllama,hi,"Absolutely! I'm happy to provide you with more information about how I can assist you. Here are some examples of how I can help:

1. Personalized training: My machine learning algorithms can analyze your unique needs and provide customized training for your AI assistant, ensuring that it is always performing at its best.

2. Data analysis: With the vast amounts of data generated by your business or organization, I can analyze the data to identify trends,",1.2210240364074707,5.117100954055786,25.923512839927177,101
tinyllama,Explain transformers in simple terms,"Transformers (pronounced ""tr-e-fem-erz"") is an advanced artificial intelligence technology that enables machines to learn and adapt to new situations, much like humans do. Unlike traditional AI systems, which are typically designed for a specific task or purpose, transformers can be trained using large datasets and algorithms that process and analyze vast amounts of data in real-time.

Transformers work by creating a ""neural network"" consisting of multiple layers of artificial neur",0.4341607093811035,3.553173780441284,32.38203806746767,101
tinyllama,What is overfitting?,"Overfitting is the process of training an artificial intelligence (AI) model or algorithm on too much data, which can lead to overfitting. Overfitting occurs when a model learns patterns and features that are specific to the training data, which are not generalizable to other unseen data. This results in an underfit model that cannot accurately predict new data, but also has less variance than a well-trained and generalized model. The process of overfitting can be",0.3878824710845947,3.7003204822540283,30.49113663695178,101
tinyllama,Summarize AI in 2 lines,"AI: Your ultimate partner, here to help you achieve your goals and make things happen.",0.7401676177978516,1.8144378662109375,18.617289298986023,20
tinyllama,Write a Python function for binary search,"I don't have access to your computer or operating system. However, I can provide you with an example of how you can write a pyhton function that performs binary search. The following code snippet illustrates the basic steps involved in creating such a function:

```python
def binary_search(arr, key):
    # check if arr is empty or not
    if len(arr) == 0:
        return None
    
    # find mid index",0.8021211624145508,6.538489103317261,17.606959846460967,101
tinyllama,What is gradient descent?,"Gradient descent is an iterative optimization technique used in machine learning and statistics for minimizing the sum of squares of the difference between an estimated or predicted value (e.g., its squared value) and a certain target or objective function. Gradient descent works by backpropagating errors through each iteration to update the model parameters as follows:

1. Estimate the model's parameters using some function $f$ (e.g., logistic regression in linear regression problems):",0.6690855026245117,7.001420497894287,15.949882638149518,101
tinyllama,what is gradient descent,"Gradient descent is a type of algorithm that is used to optimize the parameters (i.e., values that control how an algorithm learns) of a machine learning model during training or fine-tuning. The Gradient Descent Algorithm is one of the most widely used algorithms for optimization in deep learning and other fields. In gradient descent, we start with a set of initial weights/parameters, then minimize the sum of squared errors between the current estimate (or ""current"" iterate)",0.32809877395629883,3.333343267440796,33.607914503785786,101
tinyllama,what is photosynthesis,"Photosynthesis, also known as plant phototrophy, is a process in which plants use light energy from the sun to convert carbon dioxide and water into organic compounds such as sugars and oxygen. Photosynthesis is a vital process for photosynching (photon capture) and for maintaining the health of plant leaves and other parts, such as stems or roots.

In photosynthesis, chlorophyll molecules abs",0.8113269805908203,4.098151922225952,30.728743329346422,101
tinyllama,Explain transformers in simple terms,"Transformers is an artificial intelligence (AI) technology that has become increasingly popular and useful over the past few years. It�s a complex, yet incredibly effective system designed to perform complex tasks, often with unprecedented speed and efficiency. Transformers are built using a combination of machine learning algorithms, computer vision and natural language processing technologies.

Machine Learning: The most fundamental component of transformers is machine learning or Artificial Intelligence (AI). Machine learning is",0.45427465438842773,3.540790557861328,32.72298058997731,101
tinyllama,What is overfitting?,"Overfitting is a type of generalization error in machine learning models, where the model learns to perform well on a specific dataset or task, but is not trained or tested with enough data from other domains or situations. Overfitting occurs when the number of training examples used for model building is too small and the training set does not represent the distribution of test data, which can result in biased predictions. This can lead to an overly optimistic estimate of model performance on new data.",0.38054537773132324,5.328023433685303,20.414441227981364,101
tinyllama,Summarize AI in 2 lines,"AI: ""Insanely intelligent and always eager to help!""",0.9058182239532471,1.9058563709259033,14.999427817237196,15
tinyllama,Write a Python function for binary search,"I'm not able to write python code, but here's an example of how to create a function that performs a binary search:

```python
def binary_search(arr, target, left=0, right=len(arr)-1):
    """"""
    Perform a binary search on the given array arr, starting at element
    left, and ending at element right. Returns the index of the target or
    -1 if not found.
    """"""",1.0345957279205322,6.842386722564697,17.39043297066652,101
tinyllama,What is gradient descent?,"Gradient descent is an optimization method in machine learning that minimizes the difference between a target function and its estimate using backpropagation. It is a first-order iterative algorithm that updates weights of a neural network model by subtracting a scaling factor, known as the gradient, from each weight, where the gradient is computed from the loss function. Gradient descent optimizes the weights towards the direction of lowest loss for every iteration until convergence is reached or an acceptable stopping criterion is met.",0.6223304271697998,6.650413274765015,16.75491239147318,101
tinyllama,Explain transformers in simple terms,"Transformers (formerly known as TransBots) are programmable, intelligent robots created by the famous Japanese robotics company, Omron Automotive Systems Corporation. They have been in use for over a decade and continue to evolve into new technological advancements.

In essence, transformers are highly versatile robots that can perform multiple tasks depending on their programming specifications. They have the ability to navigate and adapt to any environment or situation,",1.3956191539764404,5.267476320266724,26.085673014836562,101
tinyllama,What is overfitting?,"Overfitting is when an algorithm or model becomes too heavily weighted on the data it has been trained on, which can impact its ability to generalize to new data. In machine learning, overfitting occurs when a model is designed with limited data points and does not have sufficient complexity or diversity to learn from a larger dataset. This leads to a model that may perform well on training data but struggle on unseen data, as it doesn't take into account the nuances of new",0.6168320178985596,6.2713422775268555,17.86184750978581,101
tinyllama,Summarize AI in 2 lines,"AI: A powerful, intelligent tool that helps and assists humans with tasks.",0.9223580360412598,2.3840479850769043,12.314513082528595,18
tinyllama,Write a Python function for binary search,"**`binary_search(arr, x):****

This function takes an array `arr` as input and a value `x` to search for as input. It returns the index of the element `x` if it is present in the array or -1 if the element is not found. The binary search algorithm is used in this function to search for elements within the array using two nested loops.

The function first checks if `arr` is empty, which means there",0.9055542945861816,6.245157241821289,18.915264111968977,101
tinyllama,What is gradient descent?,"Gradient descent is an iterative optimization method that minimizes the function or objective function by repeatedly updating each element of an input vector until convergence, based on the gradient descent rule. Gradient descent is a simple and efficient algorithm to solve non-linear optimization problems because it uses the gradient, or directional derivative, of the cost function to update the coordinates of the search points.

The basic idea behind gradient descent is that at each iteration, the search direction (gradient) is calculated using the",0.6238565444946289,5.576092004776001,20.39482993287671,101
mistral,Explain transformers in simple terms,,0.0,0.0,0.0,0
mistral,What is overfitting?,,0.0,0.0,0.0,0
mistral,Summarize AI in 2 lines,,0.0,0.0,0.0,0
mistral,Write a Python function for binary search,,0.0,0.0,0.0,0
mistral,What is gradient descent?,,0.0,0.0,0.0,0
